currentRank,businessName,googleBusinessProfileUrl,placeCid,rating,reviewsCount,hasWebsite,website,decisionMaker,primaryEmail,instagram,facebook,practicalTimelineDays,coldEmailSubject,coldEmailWordCount,coldEmailBody
1,Austin Dental Works,https://www.google.com/maps?cid=8726852563881499337,8726852563881499337,4.9,215,True,https://austindentalworks.com,Front Desk / Owner,info@austindentalworks.com,https://www.instagram.com/austindentalworks,https://www.facebook.com/AustinDentalWorks,15,Check Austin Dental Works on Google rn,89,"Hey there,

Came across Austin Dental Works while searching for emergency dentists in Austin.

I noticed you're sitting at #1 on Google Maps — meaning the top 3 spots take virtually all inbound calls and bookings.

Being outside the 3-pack likely costs you dozens of high-value leads every month.

I put together an action plan to get Austin Dental Works into the Top 3 on Maps, plus automated lead-capture workflows so you instantly lock in leads without manual follow-ups.

Already mapped out. Reply and I'll hand it over.

Best,

Anuj"
2,Austin Emergency Dental,https://www.google.com/maps?cid=10235853594185523657,10235853594185523657,4.8,182,True,https://emergencydentalaustin.com,Front Desk / Owner,admin@emergencydentalaustin.com,,,15,Check Austin Emergency Dental on Google rn,89,"Hey there,

Came across Austin Emergency Dental while searching for emergency dentists in Austin.

I noticed you're sitting at #2 on Google Maps — meaning the top 3 spots take virtually all inbound calls and bookings.

Being outside the 3-pack likely costs you dozens of high-value leads every month.

I put together an action plan to get Austin Emergency Dental into the Top 3 on Maps, plus automated lead-capture workflows so you instantly lock in leads without manual follow-ups.

Already mapped out. Reply and I'll hand it over.

Best,

Anuj"
3,Dr. Conor Perrin Emergency Dental Service,https://www.google.com/maps?cid=2107337486137333730,2107337486137333730,4.6,94,False,,Dr. Conor,,,,15,"Dr. Conor, check Dr. Conor Perrin Emergency Dental Service on Google rn",96,"Hey Dr. Conor,

Came across Dr. Conor Perrin Emergency Dental Service while searching for emergency dentists in Austin.

I noticed you're sitting at #3 on Google Maps — meaning the top 3 spots take virtually all inbound calls and bookings.

Being outside the 3-pack likely costs you dozens of high-value leads every month.

I put together an action plan to get Dr. Conor Perrin Emergency Dental Service into the Top 3 on Maps, plus automated lead-capture workflows so you instantly lock in leads without manual follow-ups.

Already mapped out. Reply and I'll hand it over.

Best,

Anuj"
4,Dr. Mark Davidson Emergency Dental Service,https://www.google.com/maps?cid=4286758627269761960,4286758627269761960,4.3,68,False,,Dr. Mark,,,,30,"Dr. Mark, check Dr. Mark Davidson Emergency Dental Service on Google rn",96,"Hey Dr. Mark,

Came across Dr. Mark Davidson Emergency Dental Service while searching for emergency dentists in Austin.

I noticed you're sitting at #4 on Google Maps — meaning the top 3 spots take virtually all inbound calls and bookings.

Being outside the 3-pack likely costs you dozens of high-value leads every month.

I put together an action plan to get Dr. Mark Davidson Emergency Dental Service into the Top 3 on Maps, plus automated lead-capture workflows so you instantly lock in leads without manual follow-ups.

Already mapped out. Reply and I'll hand it over.

Best,

Anuj"
5,Austin Primary Dental,https://www.google.com/maps?cid=6510972559064028443,6510972559064028443,4.5,114,True,https://austinprimarydental.com,Front Desk / Owner,info@austinprimarydental.com,https://www.instagram.com/austinprimarydental,https://www.facebook.com/austinprimarydental,30,Check Austin Primary Dental on Google rn,89,"Hey there,

Came across Austin Primary Dental while searching for emergency dentists in Austin.

I noticed you're sitting at #5 on Google Maps — meaning the top 3 spots take virtually all inbound calls and bookings.

Being outside the 3-pack likely costs you dozens of high-value leads every month.

I put together an action plan to get Austin Primary Dental into the Top 3 on Maps, plus automated lead-capture workflows so you instantly lock in leads without manual follow-ups.

Already mapped out. Reply and I'll hand it over.

Best,

Anuj"
6,Dr. Eli Zimmerman Emergency Dental Service,https://www.google.com/maps?cid=11386459742115606850,11386459742115606850,4.1,42,False,,Dr. Eli,,,,30,"Dr. Eli, check Dr. Eli Zimmerman Emergency Dental Service on Google rn",96,"Hey Dr. Eli,

Came across Dr. Eli Zimmerman Emergency Dental Service while searching for emergency dentists in Austin.

I noticed you're sitting at #6 on Google Maps — meaning the top 3 spots take virtually all inbound calls and bookings.

Being outside the 3-pack likely costs you dozens of high-value leads every month.

I put together an action plan to get Dr. Eli Zimmerman Emergency Dental Service into the Top 3 on Maps, plus automated lead-capture workflows so you instantly lock in leads without manual follow-ups.

Already mapped out. Reply and I'll hand it over.

Best,

Anuj"
7,Dentist in Austin.,https://www.google.com/maps?cid=307141331480248165,307141331480248165,3.9,27,False,,Dentist,,,,45,"Dentist, check Dentist in Austin. on Google rn",89,"Hey Dentist,

Came across Dentist in Austin. while searching for emergency dentists in Austin.

I noticed you're sitting at #7 on Google Maps — meaning the top 3 spots take virtually all inbound calls and bookings.

Being outside the 3-pack likely costs you dozens of high-value leads every month.

I put together an action plan to get Dentist in Austin. into the Top 3 on Maps, plus automated lead-capture workflows so you instantly lock in leads without manual follow-ups.

Already mapped out. Reply and I'll hand it over.

Best,

Anuj"
8,TRU Dentistry Austin,https://www.google.com/maps?cid=10843578219852735952,10843578219852735952,4.9,310,True,https://trudentistryaustin.com,Front Desk / Owner,info@trudentistryaustin.com,https://www.instagram.com/trudentistryaustin,https://www.facebook.com/TRUDentistryAustin,45,Check TRU Dentistry Austin on Google rn,89,"Hey there,

Came across TRU Dentistry Austin while searching for emergency dentists in Austin.

I noticed you're sitting at #8 on Google Maps — meaning the top 3 spots take virtually all inbound calls and bookings.

Being outside the 3-pack likely costs you dozens of high-value leads every month.

I put together an action plan to get TRU Dentistry Austin into the Top 3 on Maps, plus automated lead-capture workflows so you instantly lock in leads without manual follow-ups.

Already mapped out. Reply and I'll hand it over.

Best,

Anuj"
