Rank,Business Name,Google Business Profile URL,Place CID,Is Unclaimed GBP,Rating,Reviews,Category,City,Phone,Website,Has Real Website,Primary Email,All Emails,Facebook,Instagram,Owner First Name,Contact Channel,Top 3 Practical Timeline,Review Deficit,What Lacks,Phase 1 Plan,Cold Email Subject,Cold Email Body,Word Count
1,"Beacon Plumbing, Heating, Electrical & Mechanical Inc - Seattle",https://maps.app.goo.gl/sU7NBgem7yce2jeA9,16485385020591687555,No (Claimed),4.6,3466,plumbers,seattle,Not publicly listed,https://www.beaconplumbing.net/plumbing-services-seattle-wa?utm_source=google-gbp&utm_medium=organic&utm_campaign=*668*beacon-plumbing-seattle,Yes,customersupport@beaconplumbing.net,customersupport@beaconplumbing.net; bill@beaconplumbing.net,https://www.facebook.com/BeaconPlumbingInc/,https://www.instagram.com/beaconplumbing/,there,Email,15-30 Days (Rank Retention & Conversion Maximization),0,"Review Velocity Deficit: Sufficient total reviews, but lacks fresh monthly review velocity. | Local Schema Deficit: Lacks verified LocalBusiness schema & geo-coordinates. | Inbound Automation Gap: Missing automated 60-second follow-up workflows for incoming calls/inquiries.","Audit and lock in primary GMB category to 'plumbers' and add 4-6 relevant secondary categories. | Inject high-intent local keywords and geo-tags into business description and service menu. | Deploy automated post-service SMS review request campaign to past 60 days of satisfied customers. | Upload 15+ geotagged high-resolution photos of premises, staff, and real client work.",Protecting Beacon's #1 rank in Seattle,"Hi there,

Congrats on holding the #1 spot for plumbers in Seattle.

Staying there is the real challenge. I noticed your fresh review velocity has slowed down, and after-hours inquiries lack an automated 60-second follow-up workflow. In a market this competitive, slow response times quietly bleed high-ticket emergency calls to #2.

We help market leaders automate instant lead capture and sustain steady review flow so competitors can't close the gap.

Worth a quick 5-minute chat this week to see how it works?

Best,
Anuj",84
